Elements,Gain_dBi,HPBW_deg,Directivity_dBi
4,16,25.5,6.02059991327962
8,21,12.75,9.03089986991944
16,26,6.375,12.0411998265592
32,31,3.1875,15.0514997831991
